listing_id,url,title,price_usd,size_m2,bedrooms,bedrooms_source,bedrooms_confidence,bedrooms_text_raw,bedrooms_conflict,bathrooms,bathrooms_source,bathrooms_confidence,bathrooms_text_raw,bathrooms_conflict,unit_floor,unit_floor_source,unit_floor_confidence,unit_floor_text_raw,unit_floor_conflict,building_total_floors,building_total_floors_source,building_total_floors_confidence,building_total_floors_text_raw,building_total_floors_conflict,description_source,description
246560,https://www.realestate.com.kh/new-developments/time-square-ii/1-bed-1-bath-condo-246560/,RARE 1-Bedroom Condo | Sale | Time Square 2 | TK Area,74000,35.0,1,structured_specification,,,,1,structured_specification,,,,24,structured_floor_level,,,,,,,,,overview_section,"About this property RARE 1-Bedroom Condo | Sale | Time Square 2 | TK Area This fully furnished 1-bedroom condo is ideal for living, working, or investment . The unit is located on the 24th floor , offering a comfortable living space of 35sqm . It includes one bedroom, one bathroom, a living room, and a kitchen, designed for a modern and convenient lifestyle. Time Square 2 provides a good environment with excellent amenities like a gym and swimming pool . These make it perfect for relaxing after work or staying active. Located in the popular Toul Kork district, this condo is close to many conveniences, including famous restaurants , malls like TK Avenue , branded coffee shops like Starbucks and Brown Coffee , retail stores , international schools like Paragon International University and Western International School, and more. The area is a hub for both commercial and residential life, making it a smart choice for your next home or office. Key Features: • Fully furnished 1-bedroom condo for sale • 35sqm Unit size • Located on the 24th floor • 1 Bedroom I 1 Bathroom • 1 Living room I 1 Kitchen • Gym and swimming pool • Close to malls, schools, and restaurants Contact us for more detailed and schedule your viewing today before it SOLD OUT! Read more"
259257,https://www.realestate.com.kh/buy/phsar-chas/2-bed-2-bath-apartment-259257/,💁‍♂️ Amazing Design 2 Bedrooms Renovated House for Sale Near Riverside,155000,110.0,2,structured_specification,,,,2,structured_specification,,,,3,structured_floor_level,,,,,,,,,overview_section,"About this property 💁‍♂️ Amazing Design 2 Bedrooms Renovated House for Sale Near Riverside Property ID : TA-324 💲 Price : $155,000 📍 Location : Daun Penh, 5 Minute to Riverside area ☑️ Size : 110sqm ☑️ Type : 2 Bedrooms | 2 Bathrooms ☑️ Floor : 3rd ------------------------------------------------------------ ☑️ Fully Furnished ☑️ Private Terrace ☑️ Best Location ☑️ Best Design with Modern Furniture ☑️ Duplex Style Read more"
259255,https://www.realestate.com.kh/new-developments/chip-mong-park-land-tk-condo/2-bed-2-bath-condo-259255/,2-Bedroom Condo for Sale at Chipmong Parkland TK Condo – High Floor | Fully Furnished,97000,53.0,2,structured_specification,,,,2,structured_specification,,,,10,structured_floor_level,,,,,,,,,overview_section,"About this property 2-Bedroom Condo for Sale at Chipmong Parkland TK Condo – High Floor | Fully Furnished Discover comfortable and stylish city living with this 2-bedroom condo located on the 10th floor, offering an open view facing Camko City. With a well-planned 52.6 sqm net layout, this unit is ideal for both homebuyers and investors looking for a move-in-ready property. - Price: USD 97,000 (Great Value) - Size: 52.6 sqm (Net Area) - 2 Bedroom - 2 Bathroom - Floor: 10th Floor – Facing Camko City - Fully furnished (except PC, desk, chair) - Bright & airy with city view - Move-in ready - Free management fee until 2027 - Free internet (Today ISP) until August - Electricity: $0.25/kWh - Water: $0.75/m³` - Covered parking: Car $30/month, Motorbike $10/month Facilities - Swimming pool & fully equipped gym - Landscaped garden & outdoor relaxation areas - Children’s playground - 24/7 Security & CCTV Nearby - Shops, cafés & restaurants at Camko City - Easy access to main roads & city center - Family-friendly and high rental demand Read more"
248268,https://www.realestate.com.kh/new-developments/time-square-306/3-bed-3-bath-condo-248268/,Rare 3-Bedroom Condominium for sale Time Square BKK 306 - Cambodias hot new project,300000,135.0,3,structured_specification,,,,3,structured_specification,,,,45,structured_floor_level,,,,,,,,,overview_section,"About this property Rare 3-Bedroom Condominium for sale Time Square BKK 306 - Cambodias hot new project This elegant 3-bedroom condominium in Time Square 306 presents a unique opportunity for both living and investment in the prestigious BKK1 district of Phnom Penh. Perched high on the 45th floor, this spacious unit features three bedrooms, three bathrooms, and a comfortable living area designed for modern city living. The unique high ceilings create a sense of grandeur compared to other units in the building, enhancing the feeling of space and natural light. With only four units on this floor, residents enjoy added exclusivity and privacy while still being part of a vibrant community. From this elevated position, panoramic views of Phnom Penh and the river complete a truly remarkable living experience. Situated in the heart of Phnom Penh’s BKK1 district, Time Square 306 is surrounded by restaurants, cafés, shopping centers, and business hubs, making it a convenient and desirable place to live. With its high-quality construction, limited units, and competitive pricing, this property stands out as an excellent investment opportunity or a stylish home in Cambodia’s capital. Premium Facilities & Amenities ✔ Lobby café – A welcoming space to relax or meet guests ✔ Modern gym – Stay active with state-of-the-art fitness equipment ✔ Children’s playground & game rooms – Perfect for families ✔ Infinity pool – Unwind while enjoying the stunning skyline ✔ Terrace & garden – A serene space for events or quiet moments Key Highlights ✔ Rare 3-Bedroom unit on the 45th floor ✔ Prestigious BKK1 location ✔ Fully furnished ✔ Developed by Megakim World Corp. Read more"
259061,https://www.realestate.com.kh/new-developments/time-square-11-bkk3/,Time Square 11 BKK3,64000,38.0,1,structured_specification,,,description=2 from '2 Bedrooms',,,,,,7,description,medium,7F,,39,structured_specification,,,,overview_section,"About this property Time Square 11 BKK3 | Time Castle 11 Following a flawless track record of delivered projects, Megakim World Corp. officially launched Time Square 11 (also known as Time Castle XI) on March 4, 2026. This contemporary 39-storey tower is strategically located in the rapidly growing BKK3 district. Positioned right next to the premium BKK1 zone and just minutes from the Russian Market, it offers comparable central convenience at a highly affordable price point—providing double the value for your investment. Project Overview * Developer: Megakim World Corp. Ltd (100% completion rate on all previous projects) * Location: BKK3, Phnom Penh (Between BKK1 and the Russian Market area) * Scale: 39 storeys | Residential ""Classic Floors"" from 7F to 39F * Ownership: Strata Title (Permanent Freehold for local and international buyers) * Starting Price: From an incredible $49,168 (Average $1,756 / m² vs BKK1 prices) * Construction Timeline: Starts September 1, 2026 | Estimated Completion: June 2029 * Buyer Incentives & Payment Terms: 10% Discount on launch | 20% down payment | Easy 1% monthly installments for 35 months. Luxury Brand-Inspired Collections The residential units offer net floor areas ranging from 28 m² to 56 m² (gross sizes from 35 m² to 75 m²), styled after global luxury brands: * Hermes Units (2 Bedrooms): Flagship layout featuring 75 sqm gross (56 m² net) of spacious living area. * Chanel Units (1 Bedroom): Premium 1-bedroom layout offering 50 sqm gross (38 m² net). * Prada Units (1 Bedroom): Stylish 1-bedroom layout offering 45 sqm gross (34 m² net). * Gucci Units (1 Bedroom): Efficiently designed 1-bedroom option at 38 sqm gross (29 m² net). * Dior Units (1 Bedroom): Cozy, modern 1-bedroom starter unit at 35 sqm gross (28 m² net). Premium Architecture & Lifestyle Amenities The building features a sophisticated design with an interconnected sky bridge that leads to an elite collection of rooftop facilities: * Rooftop (RF) Facility Hub: 39th-floor panoramic Sky Pool, state-of-the-art Sky Gym, Sky Lounge, Pool Lounge, Sky Yard, Kids' Room, and an Island Deck. * 2F – 6F Parking: 5 dedicated levels of secure vehicle parking. * Ground Floor (GF): Elegant designer entrance lobby and 24/7 reception desk. Why Invest in Time Square 11? * Strategic Micro-Location: Situated just three streets away from the highly successful Time Square 8 project. As BKK1 land becomes limited and expensive, BKK3 represents the city's highest potential area for capital growth and rental demand from corporate expatriates. * Massive Market Momentum: With 86% of the inventory already gone, the market has validated this project as the top value-driven choice in the city center, only about 20 Units are available. Units are selling out fast! Contact our team today to secure one of the remaining properties before the special discounts and options are gone completely! Read more"
255697,https://www.realestate.com.kh/new-developments/one-park/1-bed-1-bath-condo-255697/,1-Bedroom Condo for Resale at One Park Residence,175000,73.0,1,structured_specification,,,,1,structured_specification,,,,,,,,,,,,,,overview_section,"About this property 1-Bedroom Condo for Resale at One Park Residence This premium 1-bedroom condo at One Park Residence is now available for resale in the heart of Phnom Penh City Centre, making it one of the most desirable investment opportunities on the market today. With a generous 72.76 sqm gross area, the unit features a bright open-plan living and dining area, a modern L-shape kitchen, and a private balcony offering refreshing natural light and city views. More than just a home, this property is a secure long-term investment. One Park is designed as a green oasis in the city, providing residents with a peaceful environment alongside resort-style facilities. Owners and tenants alike can enjoy a large swimming pool, a professional fitness center, and a clubhouse restaurant. The integrated shopping district within the complex ensures convenience, while nearby malls, hospitals, banks, schools, and family parks add strong rental appeal. Whether you are seeking steady rental income or future capital growth, this condo offers both lifestyle comfort and profit potential. Contact us today to secure this rare investment. Key Features: • Gross Area: 72.76 sqm • 1 Bedroom, 1 Bathroom • Open Living & Dining Space • Modern L-Shape Kitchen • Private Balcony with City View • Resort-Style Pool, Gym & Clubhouse • Convenient Green Community • Prime Central Location near Malls & Landmarks Read more"
255491,https://www.realestate.com.kh/new-developments/gato-tower/,G.A.T.O Tower,3165,31.0,1,structured_specification,,,,,,,,,67,description,medium,67th Floor,,67,structured_specification,,,,overview_section,"About this property G.A.T.O Tower Phnom Penh’s skyline is undergoing a major transformation with G.A.T.O Tower, a 67-story mixed-use vertical city rising 296.5 meters in the heart of the prestigious BKK1 district. Positioned on Street 334 at the corner of Norodom Boulevard, this landmark project is developed by MIRAKU Capital and Development Co., Ltd. through a Japanese-Cambodian partnership, with architectural designs by the world-renowned Japanese architect Shin Takamatsu. Project Overview * Developer: MIRAKU Capital and Development Co., Ltd. * Management: Miraku Capital with WH Living and Properties Co., Ltd. * Location: Street 334, Corner of Norodom Boulevard, BKK1, Phnom Penh * Scale: 67 storeys | 296.5m height | 1,760 sqm construction footprint * Inventory: 710 total units (472 luxury residences and 238 high-end hotel rooms) * Ownership: Strata Title (Permanent Freehold for local and international buyers) * Pricing: Starting from $98,115 with an average price of $3,165 per sqm * Timeline: Construction started May 3, 2026, with an estimated handover in Q4 2030 * Payment Plan: $5,000 booking fee, 20% down payment, 60% flexible installments, and 20% due upon handover Building Zoning & Layouts All residential layouts feature a comfortable 3-meter ceiling height with floor-by-floor allocation designed for optimal privacy: * B1 to B3 and 1F to 7F: 10 full floors of dedicated smart parking spaces * 9F to 25F: 5-star luxury hotel rooms and premium guest facilities * 26F and 28F: Lifestyle podiums containing resident lounges, landscaping, and on-site restaurants * 28F to 60F: Luxury condominiums including Studios (31 sqm net), 1-Beds (45-47 sqm net), 2-Beds (79-103 sqm net), and 3-Beds (111-136 sqm net) * 61F to 62F: Executive floors restricted to 4 premier units per floor * 63F to 66F: Ultra-luxury Duplex Penthouses stretching up to 443 sqm net World-Class Amenities * 67th Floor (The Sky Crown): Infinity pool, elite skybar, Live House entertainment venue, and a tropical sky garden with 360-degree panoramic city views * 48th Floor (Wellness & Business Hub): Fully equipped professional fitness gym, traditional Japanese Onsen, steam and sauna rooms, co-working office spaces, meeting rooms, and a kids' playground Why Invest in G.A.T.O Tower? The development represents a premier trophy asset given its high-profile location on Norodom Boulevard, within walking distance of corporate offices, international schools, and major embassies. Backed by Japanese architectural precision and passive asset management across an operating portfolio of over 10 active properties, the tower guarantees premium asset protection and robust corporate rental demand. Early-bird pre-sales are officially open. Read more"
252266,https://www.realestate.com.kh/new-developments/kingston-royale/,Kingston Royale,52500,43.0,1,structured_specification,,,,,,,,,33,description,medium,33rd Floor,,36,structured_specification,,,,overview_section,"About this property Kingston Royale Condominium Rising 36 storeys in the southern growth corridor of Boeung Tompun, Kingston Royale Condominium blends modern architecture with practical affordability. Developed by an experienced local developer, this mid-density tower features 310 units, provides an accessible entry point to the property market, and is currently under active construction. Project Overview * Developer: KR Kingston Royale Co. Ltd (Cambodian Family-run developer) * Location: Street 69BT, Boeung Tompun, Mean Chey, Phnom Penh (Near Russian Market and Chip Mong 271 Mega Mall) * Scale: 36 storeys | 310 fully furnished units | Land size: 800 sqm * Ownership: Strata Title (Permanent Freehold for local and foreign buyers) Fully Furnished Layouts (2.8m Ceiling Height) * 1-Bedroom Units: Sizes from 33 to 43 sqm net (42 to 55 sqm gross) * 2-Bedroom Units: Sizes from 50 to 67 sqm net (65 to 85 sqm gross) Lifestyle Amenities & Building Infrastructure * Rooftop & 33rd Floor: Infinity swimming pool, sky garden, state-of-the-art gym, traditional steam room, sauna, jacuzzi, and a yoga studio * Convenience & Comfort: Ground-floor lobby, integrated mini-mart, 3 high-speed lifts, and a pet-friendly environment * Parking Allocation: 7 dedicated floors for secure car parking and 2 floors for motorbikes Fees & Utilities * Property Management Fee: $0.90 per sqm / month * Parking Rates: $40 / month per car | 2 motorbikes parked free * Utility Rates: Electricity: $0.25 / kWh | Water: $0.75 / m³ Why Kingston Royale is a great Investment? Kingston Royale offers a low-risk, high-value opportunity in an emerging expatriate rental zone. Its affordable sub-$60K entry point, paired with a flexible 1% monthly payment structure, ensures a secure asset primed for high yield and steady long-term capital growth. Contact our property consultants today to secure introductory early-bird pricing! Read more"
251410,https://www.realestate.com.kh/new-developments/time-square-9-bkk1/,Time Square 9 BKK1,1700,60.0,1,structured_specification,,,,,,,,,,,,,,39,structured_specification,,,,overview_section,"About this property Time Square Gatsby 9 – Luxury Condos in the Heart of BKK1 Time Square 9 - The Gatsby Residence is Megakim World Corp.’s newest landmark launch in Phnom Penh, created for buyers who want a premium BKK1 address with timeless style and modern comfort. Time Square 9 Gatsby. Standing 39 storeys tall on Street 278, this eye-catching project features a timeless 1920s Art Deco design. Positioned as the most competitively priced luxury project in the exclusive BKK1 district, it offers a sophisticated lifestyle paired with high rental returns. Project Overview * Developer: Megakim World Corp. Ltd * Location: St. 278, BKK1, Phnom Penh (Steps from embassies, dining hubs, and the Independence Monument) * Scale & Size: 39 storeys | 600 total units | 1,765 sqm land plot * Ownership: Strata Title (Permanent Freehold for local and international buyers) * Construction Timeline: Starts July 2026 | Estimated Handover: Q4 2029 / Early 2030 * Payment Terms: Flexible 40-to-45 month interest-free installment plans with a 20% down payment. Extended 10-year loan options available. Unit Collections & Features * Layouts & Sizes: 1-Bedroom to 4-Bedroom premium units ranging from 40 m² to 130 m² net (60 m² to 190 m² gross). * Inclusions: Every unit comes complete with fitted Air Conditioning. * Views: Upper floors enjoy unobstructed, panoramic city and river views. High-End Lifestyle Amenities * Rooftop Sky Deck: Infinity Pool, Kids' Pool, Sky Patio, and a designer Sky Bar with 360° views. * Wellness & Social Hub: Fully equipped Sky Gym, Yoga Studio, Meeting Rooms, On-site Restaurant, and Landscaped Gardens. * Entertainment Zone: Private Cinema, Game Zone, Poker Room, Cigar Lounge, and a Resident Lounge. * Parking & Access: Multi-level secure vehicle parking. Fees & Utilities * Management Fee: $1.00 per sqm / month * Car Parking Rate: $50 / month * Utility Rates: Electricity: $0.30 / kWh | Water: $0.25 / m³ * Safety Infrastructure: 24/7 reception and security, card-access lifts, CCTV, and backup generators. Why Invest in Time Square 9? * Unbeatable Pricing Edge: BKK1 land prices range from $4,400/sqm to $8,300/sqm, making the project's $1,700/sqm entry price an incredible value for the city's top neighborhood. * Strong Projected Returns: High rental demand from expatriates and corporate professionals in BKK1 drives a projected 6.5% to 8.5% net annual rental yield. Booking is now open and already 65% sold out! Contact us today to secure the best early-bird deals and premium unit locations! Read more"
226757,https://www.realestate.com.kh/new-developments/j-tower-3-condominium/,J Tower 3 Condominium,345000,166.0,3,structured_specification,,,,,,,,,78,description,medium,78th Floor,,77,structured_specification,,,,overview_section,"About this property J Tower 3 Condominium J-TOWER 3: Cambodia's Tallest Luxury Skyscraper Rising 333 meters with 77 floors, J-TOWER 3 in South BKK1, Tonle Bassac is Cambodia’s tallest condominium. Engineered by the acclaimed Japanese developer Tanichu Assetment Co., Ltd. (creators of J-Tower 1 & 2), this project offers a high-ceiling sanctuary of absolute privacy and world-class luxury for the elite. Project Overview * Developer: Tanichu Assetment Co., Ltd (Renowned for premium Japanese standards) * Location: South BKK1, Tonle Bassac, Phnom Penh (3 minutes from AEON Mall 1, Independence Monument, and Riverside) * Scale: 333m Height | 77 Floors above ground + 2 Underground Floors * Exclusive Units: 360 premium 3-Bedroom layouts only (166 m² and 178 m²) * Ceiling Heights: Grand 3.5m to 5.0m layouts * Ownership: Strata Title (Permanent Freehold for local and foreign buyers) * Completion Timeline: Scheduled for Q4 2028 Extraordinary Building Amenities by Floor * 78th Floor: Spectacular 360° Observation Deck * 77th Floor: Highest Luxury Lounge, Sky Bar, & Sky Pool * 50th Floor: Elite Cafe, Lounge, Wine Cooler, & Business Room * 49th Floor: Indoor Pool, Kids Pool, Sauna, Spa, & Japanese Public Bath * 29th Floor: State-of-the-art Fitness Gym & Swimming Pool * 28th & 26th Floors: Peaceful Outdoor & Indoor Green Parks + Laundry Service * 11th Floor: Kids' Play Space, Bowling Alley, Billiards, Table Tennis, & Karaoke * Building Conveniences: 8 high-speed elevators, Garbage Station on every single floor, Nurse Station, and Concierge Services. Fees & Operations * Parking Capacity: 252 designated rental parking lots * Electricity Rate: $0.25 / kWh * Management & Sinking Fund: Professionally handled by the developer's premium internal Japanese maintenance team. Why Invest in J-TOWER 3? * Elite Scarcity: Capped strictly at 360 large-format, high-ceiling 3-bedroom units to target high-net-worth residents and eliminate lower-tier competition. * Trophy Value: Capitalizing on the massive success of J-Tower 2, this record-breaking height and premium location ensure unmatched capital growth and high rental yields. Contact us today to schedule an exclusive presentation with one of our premier agents! Read more"
245299,https://www.realestate.com.kh/new-developments/time-square-8/,Time Square 8,,47.0,1,structured_specification,,,,,,,,,48,description,medium,48th Floor,,50,structured_specification,,,,overview_section,"About this property Time Square 8 Following five sold-out successes, Megakim World Corp. presents Time Square 8—the only high-end luxury skyscraper in the vibrant Toul Tom Poung (Russian Market) area. Standing 50 storeys tall, this landmark project delivers premium city living at highly competitive prices. True to the developer's promise, the project is already 98% sold out, with only around 10 units remaining. Project Overview * Developer: Megakim World Corp. Ltd (Proven track record of success) * Location: Toul Tom Poung (Russian Market), Chamkarmon, Phnom Penh * Scale & Size: 50 storeys | 700 total units | 1,494 sqm construction footprint * Ownership: Strata Title (Permanent Freehold for local and international buyers) * Financials: $500 booking fee | Flexible 10% down payment options * Estimated Completion: December 2028 Residential Collections (Net vs Gross) * The Classic Flats (Floors 8–38) — 3.1m Ceiling Height * 1-Bed (Type DEFGH): Net 45 m² | Gross 60 m² * 2-Bed (Type QR): Net 55 m² | Gross 73 m² * 2-Bed (Type BCS): Net 65 m² | Gross 88 m² * 3-Bed (Type A): Net 85 m² | Gross 111 m² * The Premium Duplexes (Floors 40–47) — 5.5m Double-Height Ceilings * 1-Bed Loft: Net 55–64 m² | Gross 73–85 m² * 2-Bed Loft: Net 72–84 m² | Gross 96–112 m² * 3-Bed Loft: Net 93–105 m² | Gross 124–140 m² * 4-Bed Loft: Net 125 m² | Gross 167 m 5-Star Amenities & Building Layout * 49F & 50F Sky Zone: Rooftop Gym & Fitness Center, Tennis Court, and Sauna * 48th Floor Rooftop: Panoramic Infinity Swimming Pool with breathtaking city views * 39th Floor Clubhouse: Exclusive Time Square Sky Lounge for entertainment * B1, B2 & 2F–7F: Multiple levels of secure Car and Motorbike parking * Ground Floor (GF): Elegant Designer Lobby & Balcony Café Fees & Utilities * Management Fee: $0.80 per gross sqm / month * Car Parking Rate: $30 – $40 / month * Safety Infrastructure: 24/7 security/reception, card-access 7 elevators, CCTV, fire sprinklers, and a full backup power generator Why Invest in Time Square 8? * Unbeatable Location: Live steps away from trendy cafes, local markets, and international schools, just minutes from AEON Mall 1. * High Scarcity: As the only luxury high-rise in the immediate neighborhood, rental and resale demand is massive. All Units from developer are now SOLD OUT, Contact us for the for special Resale Unit! Read more"
202038,https://www.realestate.com.kh/new-developments/diamond-bay-garden/,Diamond Bay Garden,126165,60.0,1,structured_specification,,,,,,,,,2,description,medium,Floor: 2,,39,structured_specification,,,,overview_section,"About this property Diamond Bay Garden Diamond Bay Garden, located in central Phnom Penh's Koh Pich district offers modern living, convenience and stunning views over the Mekong, Tonle Sap, and Bassac rivers. Situated in the emerging Koh Pich Central Business District, with over 700 businesses - Diamond Bay Garden is also within walking distance of parks, riverwalks, office spaces, and an increasing number of F&B outlets and entertainment venues. The 39-story, award-winning waterfront condominium combines sleek amenities with contemporary features, offering residents a range of living options, from cozy studios to family-friendly three-bedroom units. The amenities includes: • Swimming Pool with views on the Bassac • Sky Garden & Sky Bar • Gym • Yoga room • Children’s Playground • Number of Parking Floor: 2 • Number of Parking lots: 1,378 • Housekeeping Services Experience waterfront urban living at Diamond Bay Garden. Contact us today to learn more about this investment opportunity and secure your place as a resident or investor. Read more"
247259,https://www.realestate.com.kh/new-developments/tk-star-international/1-bed-1-bath-condo-247259/,Studio Condo for Sale | Tk Star Project,53000,37.0,1,structured_specification,,,title=0 from 'Studio'; title=0 from 'Studio'; description=0 from 'Studio',1,structured_specification,,,,6,structured_floor_level,,,,,,,,,overview_section,"About this property Studio Condo for Sale | Tk Star Project Size: 37.2㎡ Price: $53,000 Floor : 6th Located in a prime area, this cozy studio apartment features a modern and minimalist design, making it perfect for singles or small families. 💎 Key Highlights: ✅ Bright and airy layout with ample natural light ✅ Fully equipped with furniture and appliances, including a TV, fridge, and air conditioner – move-in ready! ✅ Conveniently located near shopping centers and dining options 📞 Contact us now to schedule a viewing and experience the warmth and quality of this home! Read more"
242506,https://www.realestate.com.kh/new-developments/time-square-7/,Time Square 7,90000,40.0,1,structured_specification,,,,,,,,,49,description,medium,49th Floor,,49,structured_specification,,,,overview_section,"About this property Time Square 7 Following their success in BKK1, Megakim World Corp. introduces Time Square 7—a 49-storey high-rise in Phnom Penh's premier residential and business hub, Toul Kork. Strategically located on Streets 335, 540, and 538, this project offers an affordable entry into a high-growth market, seamlessly blending classic urban flats with grand, double-height premium duplexes. Project Overview * Developer: Megakim World Corp. * Location: Toul Kork, Phnom Penh (Minutes from TK Avenue, AEON Mall 2, Starbucks, and Paragon University) * Scale: 49 storeys | 700 total units | 7 high-speed elevators | Land Area: 1,734 sqm * Flexible Financing: $500 booking fee | Monthly installments from $500/month | 3 to 10-year internal loans at 10% interest Unit Types * The Classic Flats (Floors 8–33) — 3.1m Ceiling Height * Modern 1-Beds: 40 sqm to 47 sqm | Premium 1-Beds (Crystal & Tiffany): 60 sqm * Diamond 2-Beds: 76 sqm | Golden & Luxury 3-Beds: 100 sqm * The Premium Duplexes (Floors 35–47) — 5.5m Double-Height Ceilings * Loft 1-Beds: 60 sqm to 70 sqm | Duplex 2-Beds: 100 sqm * Duplex 3-Beds: 130 sqm | Duplex 4-Beds: 160 sqm World-Class Amenities & Building Layout * 49th Floor: Elite Sky Lounge * 48th Floor Sky Deck: 30-meter Infinity Sky Pool, sky patio, fully equipped sky gym, and sky theater * 34th Floor Time Square Club: Two-lane bowling alley, cinema studio, game/cigar lounge, poker room, KTV, and banquet zone * 7th Floor Active Zone: Lap pool, kids' pool/playroom, tree house, Jogging Track, BBQ yard, golf contour, and co-kitchen * B1, B2 & 2F–6F: 7 dedicated levels of secure car and moto parking * Ground Floor (GF): Grand lobby and retail spaces Why Invest in Time Square 7? * Strategic Hub: Located in Toul Kork, a highly desirable district known for strong rental demand from corporate professionals and expatriates. * Low Barrier, High Return: Combines the lowest market entry points with Megakim's ironclad reputation for on-time delivery and high-yield capital appreciation. Contact us today to learn more or to secure your unit in Toul Kork’s most anticipated luxury high-rise! Read more"
151181,https://www.realestate.com.kh/new-developments/rf-city-miro/,R&F CITY MIRO,86013,38.0,1,structured_specification,,,,,,,,,,,,,,32,structured_specification,,,,overview_section,"About this property R&F CITY MIRO Completed in 2023 along the strategic Samdech Hun Sen Boulevard (60m Road), R&F City MIRO is a premium 32-storey smart-living landmark in the Mean Chey district. Developed by the internationally renowned R&F Properties as a tech-forward extension of the massive R&F City master plan, this completed tower delivers an efficient boutique residential experience engineered for young professionals and high-yield investors. Project Overview * Developer: R&F Properties (Cambodia) Co., Ltd. * Location: Samdech Hun Sen Blvd (60m Road), Mean Chey, Phnom Penh * Scale: 32 storeys | 612 smart units | 100% Completed (2023) * Ownership: Strata Title (Permanent Freehold for local and foreign buyers) Tech-Forward Smart Layouts Every residence is delivered with an integrated mobile-controlled Smart-Home System governing lighting, temperature, and security: Studio & 1-Bedroom Condos (Approx. 38 sqm gross): Space-optimized layouts featuring 2.8-meter ceiling heights, floor-to-ceiling windows, and panoramic views. Perfect for high-occupancy rental portfolios. Resort-Style Sky Amenities * The Sky Level: A 270-degree rooftop infinity swimming pool with unobstructed views of the Bassac River and the Phnom Penh skyline. * Leisure & Wellness: Rooftop sky bar, manicured sky gardens, high-end fitness club, professional sauna, and children's playground. * Infrastructure: Ground-floor commercial spaces, multi-level secure parking, high-speed elevators, 24/7 security with advanced CCTV, and a full building backup generator. Why Invest in R&F City MIRO? As a 100% completed project, MIRO eliminates construction risk and offers immediate buy-to-rent cash flow. Situated on the main corridor connecting central Phnom Penh to the new Techo International Airport—and just minutes from AEON Mall 3 and ISPP—it occupies one of the capital's fastest-growing property zones. Inquire now to buy or rent in the 60m Boulevard's premier smart address! Contact our specialist agents today for current inventory and pricing. Read more"
240206,https://www.realestate.com.kh/buy/bkk-1/1-bed-1-bath-condo-240206/,Stunning 1-Bedroom Condo in BKK1 - Your Dream Home!,213500,61.0,1,structured_specification,,,,1,structured_specification,,,,9,structured_floor_level,,,,,,,,,overview_section,"About this property Stunning 1-Bedroom Condo in BKK1 - Your Dream Home! Discover the perfect blend of comfort and luxury with this 1-bedroom condo for sale in the heart of BKK1. Spanning 61sqm on the 9th floor, this condo offers a tranquil living space with a Hard Title. The condo comes fully furnished, making it move-in ready. It boasts one spacious bedroom, a modern bathroom, a comfortable living room, and a stylish kitchen. Located in the prestigious BKK1 district, you'll be in close proximity to the city's major attractions, including restaurants, shopping centers, and entertainment hubs. Don't miss the chance to own this incredible condo. Contact us today to schedule a viewing and make it your new home! Key Features: - Unit Size: 61sqm - Floor Level: 9th - Hard Title - Fully Furnished - 1 Bedroom - 1 Bathroom - Spacious Living Room - Modern Kitchen - Prime Location in BKK1 Read more"
236155,https://www.realestate.com.kh/new-developments/urban-village-phase-2/1-bed-1-bath-condo-236155/,Fully-Furnished One Bedroom Unit at Urban Village | Sky Prime Tower H,103000,54.0,1,structured_specification,,,,1,structured_specification,,,,30,structured_floor_level,,,,,,,,,overview_section,"About this property Fully-Furnished One Bedroom Unit at Urban Village | Sky Prime Tower H One Bedroom Unit at Urban Village Phase 2 Sky Prime Tower H (These one bedroom unit types are all SOLD OUT from the developer and no longer available.) Size: 42 sqm net (54 sqm gross) Type: 1 Bedroom | 1 Bathroom | 2 Balconies | 1 Kitchen (Type H/C6) Level: 30 Floor View: Hun Sen Blvd (60m road) This unit features a spacious dining and living room for hosting families and friends, a modern bedroom with a bay window with fantastic city views from the 30th floor. Located in a pet-friendly and vibrant community - The Factory Phnom Penh, in the fast-growing and popular area within minutes of AEON 3 Mall, Chip Mong Mega Mall 271, and more upcoming malls, ISPP (International School of Phnom Penh), and more. High return on investment - 20 minutes to the new Phnom Penh International Airport, The additional flyover is in progress, connecting Hun Sen Blvd and Monivong Blvd. Read more"
164798,https://www.realestate.com.kh/new-developments/odom-living/,Odom Living,275000,78.0,1,structured_specification,,,,,,,,,,,,,,30,structured_specification,,,,overview_section,"About this property Odom Living Rising as an award-winning master-planned development on Norodom Boulevard, Odom is an elite mixed-use sanctuary by Urban Living Solutions (ULS), one of Cambodia’s top developers with a proven track record of six successful projects focused on the philosophy of work, play, and live. Designed by Singapore's Kite Studio Architecture, this premium development seamlessly connects high-end corporate spaces with low-density luxury living in the heart of the city. Project Overview * Developer: Urban Living Solutions (ULS) * Location: Norodom Boulevard, Tonle Bassac, Phnom Penh (Walking distance from the Independence Monument, major embassies, and Aeon Mall 1) * Ownership: Strata Title (Permanent Freehold for local and international buyers) * Master Plan Scale: A 45-story commercial tower and a 22-story residential tower, both connected to a 5-story retail podium called Odom Square Odom Tower (Commercial Wing) * Scale: 45-story modern commercial landmark designed for forward-thinking businesses * Spaces: Spacious office and multipurpose corporate units equipped with cutting-edge technology * Environment: Features signature integrated sky gardens that flood the workspace with natural light and fresh air, creating a healthy and productive corporate environment Odom Living (Residential Wing) * Scale & Capacity: Exclusive, low-density tower featuring just 138 luxury condominiums * Design: Australian-designed thermally insulated floor-to-ceiling windows and dual-aspect balconies engineered for natural cross-ventilation * 1-Bedroom Units: Net 78 sqm with expansive executive layouts * 2-Bedroom Units: Net 111 – 132 sqm with integrated dry and wet kitchens * 3 & 4-Bedroom Homes: Net up to 262 sqm featuring master bathtubs, service quarters, and private wine fridges (All residences include premium European kitchen appliances by De Dietrich) World-Class Amenities & Infrastructure * Sky Bridge Link: A 13.5-meter green sky bridge positioned 60 meters in the air, directly connecting the residential and commercial towers to shared lifestyle facilities * Residential Hub (Level 16): Resident-only swimming pool, fully equipped fitness gym, open-air courtyards, and a quiet common study lounge * Smart Infrastructure: Secure 3-level underground parking garage, state-of-the-art security, and Samsung 5-way smart lock entry authentication * Pet-Friendly Privilege: One of the rare premium developments in central Phnom Penh that openly welcomes household pets Why Invest in Odom? Odom offers a rare commercial and residential ecosystem that traditional, standalone developments cannot match. Whether you are looking to secure a high-prestige corporate headquarters or an expansive luxury home, its prime position inside Tonle Bassac ensures strong capital protection, high-net-worth rental demand, and direct lifestyle access to the premier shopping and dining at Odom Square. Contact our specialist property consultants today to secure your private presentation of the Odom master plan! Read more"
212205,https://www.realestate.com.kh/new-developments/j-tower-2-condominium/,J Tower 2 Condominium,183645,65.0,2,structured_specification,,,,,,,,,42,description,medium,42nd Floor,,43,structured_specification,,,,overview_section,"About this property J Tower 2 Condominium Rising 43 storeys in the heart of BKK1, J-TOWER 2 is a 100% completed (2022) and sold-out masterpiece by the visionary Japanese developer Tanichu Assetment (creators of J-City, J-Village, and J-Tower 1). It delivers world-class Japanese engineering, top-tier safety, and premium management tailored for high-yield investors and elite residents. Project Overview *Location: Heart of BKK1, Phnom Penh (5 mins from Aeon Mall 1, Harrods Academy and 1mins from BROWN Coffee | Bokor) *Scale: 43 storeys | 228 fully furnished units *Ownership: Strata Title (Freehold for local and international buyers) *Price & Sizes: 65 m² to 153 m² Premium Unit Layouts *2-Bed Type A (Net 91 sqm): High-floor corner units with panoramic city/river views, open living area, and a master ensuite with a bathtub. *2-Bed Type B (Net 65 sqm): Modern minimalist, space-saving design ideal for professionals and young families. *3-Bed Penthouse (Net 153 sqm): Elite upper-floor luxury with massive layouts, a private jacuzzi, and 360-degree views. 5-Star Amenities & Facilities *42nd Floor: Phnom Penh's highest indoor Sky Infinity Pool and sky bar/lounge. *Fitness & Family: Fully equipped gym, professional boxing ring, yoga studio, two playgrounds, and a snooker room. *Infrastructure: 8 card-access elevators, 24/7 security/reception, and a full backup generator. Fees & Utilities *Management Fee: $1.80 per net sqm / month *Car Parking: $50 to $70 / month *Utilities: Electricity: $0.30/Kwh | Water: $0.25/m³ Why Invest in J-TOWER 2? J-TOWER 2 completely eliminates off-plan construction risks. Being 100% complete and occupied, it secures immediate cash flow backed by an unbeatable BKK1 address, rare pet-friendly leverage, and legendary Japanese build quality. Inquire now to buy the resale properties or rent in Phnom Penh's most demanded luxury address! Contact our specialist agents today! Read more"
267352,https://www.realestate.com.kh/new-developments/time-square-306/1-bed-1-bath-condo-267352/,Time Square 5 (TS 306) | 1-Bedroom Condo for Sale in BKK1,70000,43.0,1,structured_specification,,,,1,structured_specification,,,,8,structured_floor_level,,,,,,,,,overview_section,About this property Time Square 5 (TS 306) | 1-Bedroom Condo for Sale in BKK1 ✅Selling Price 70K ✅Size 43Sqm ✅Facing : West 🥳Flexible payment Key Features: ✅Prime location ✅High rental demand ✅High-End Condominium ✅Facilities : Fitness Center /Swimming Pool/Playground /Sky bar
